vel|17
eget|17
sed|16
in|15
et|14
ut|13
eu|13
id|12
ac|12
metus|12
sit|12
amet|12
nulla|12
at|11
ipsum|11
duis|11
nec|11
vitae|11
dolor|10
aliquam|10
nunc|10
non|10
leo|9
a|9
tincidunt|9
sapien|9
tristique|9
orci|9
consectetur|9
lorem|8
urna|8
quis|8
porttitor|8
donec|8
ligula|8
tortor|8
elementum|7
augue|7
elit|7
arcu|7
interdum|7
ultricies|7
nisl|7
ante|7
lacus|7
ex|7
faucibus|7
blandit|7
sollicitudin|7
purus|6
per|6
pellentesque|6
vestibulum|6
magna|6
turpis|6
malesuada|6
vivamus|6
imperdiet|6
mi|6
mattis|6
posuere|6
pharetra|6
venenatis|6
dui|6
gravida|6
nam|5
sodales|5
dapibus|5
ultrices|5
ornare|5
etiam|5
eleifend|5
mauris|5
feugiat|5
lobortis|5
varius|5
rhoncus|5
tempus|5
pretium|5
libero|5
mollis|4
justo|4
luctus|4
ullamcorper|4
iaculis|4
sem|4
diam|4
praesent|4
auctor|4
rutrum|4
est|4
fames|4
erat|4
facilisis|4
euismod|4
molestie|4
tellus|4
felis|4
lectus|4
cras|4
